{"Filename": "sample2.mp4", "Hand_Height": [303.48, 303.39, 302.17, 302.51, 301.83, 300.65, 300.46, 299.96, 299.18, 298.95, 295.04, 290.29, 282.55, 253.16, 183.22, 159.83, 132.91, 123.88, 120.59, 132.12, 141.63, 143.16, 142.61, 143.68, 142.88, 143.05, 143.15, 145.84, 143.98, 145.05, 143.74, 139.27, 136.76, 135.51, 136.45, 137.54, 138.29, 135.07, 130.75, 111.06, 94.15, 92.88, 111.91, 140.91, 139.4, 140.14, 140.6, 137.59, 136.41, 132.88, 135.07, 135.51, 129.76, 126.75, 128.37, 133.19, 138.52, 136.86, 132.82, 130.74, 132.46, 136.02, 141.06, 143.22, 147.68, 153.74, 158.49, 159.21, 158.81, 159.66, 158.22, 155.63, 146.31, 135.2, 128.35, 123.63, 116.49, 114.81, 114.64, 113.62, 107.86, 105.04, 103.85, 103.46, 104.69, 105.78, 106.35, 106.56, 106.63, 106.87, 107.07, 107.98, 114.44, 125.22, 133.47, 136.66, 125.75, 128.17, 132.03, 132.76, 131.37, 131.64, 129.94, 128.9, 130.0, 130.75, 130.97, 129.8, 128.46, 127.87, 128.16, 127.43, 124.7, 124.6, 125.1, 125.54, 126.24, 126.58, 127.23, 127.77, 127.74, 144.21, 187.38, 237.53, 258.41, 277.18, 287.28, 292.03, 293.59, 295.63, 296.91, 296.99, 297.12, 296.77, 297.0, 297.27, 297.6, 297.47, 297.41, 297.53, 297.62, 297.57, 297.54, 297.76, 297.9, 297.89, 297.93, 298.04, 298.39, 298.96, 299.79, 300.14, 300.28, 300.64], "Hand_Distance": [0.64, 1.22, 0.45, 0.68, 1.58, 0.21, 1.3, 1.65, 0.6, 5.67, 4.75, 7.74, 29.7, 71.43, 25.69, 27.35, 9.33, 6.43, 11.57, 13.72, 10.94, 9.15, 10.73, 10.67, 5.62, 13.13, 4.28, 15.06, 6.08, 6.83, 8.22, 2.66, 4.18, 2.55, 2.79, 1.29, 3.72, 11.87, 22.86, 19.43, 3.25, 19.04, 32.11, 25.87, 6.76, 2.76, 6.91, 3.14, 3.79, 5.49, 18.11, 6.16, 3.01, 1.64, 11.09, 13.17, 11.22, 11.88, 7.59, 1.79, 6.35, 10.38, 11.4, 7.3, 10.42, 4.82, 2.03, 1.2, 2.03, 2.19, 13.5, 15.26, 11.82, 7.15, 6.09, 7.3, 1.82, 14.93, 20.29, 16.07, 16.52, 11.44, 8.02, 2.48, 1.09, 1.56, 0.21, 0.44, 1.02, 0.99, 2.77, 16.91, 35.79, 27.34, 20.04, 11.14, 5.27, 4.2, 8.92, 5.15, 3.61, 6.55, 8.95, 8.92, 9.39, 20.84, 17.69, 10.46, 10.65, 4.72, 2.91, 4.41, 3.83, 1.2, 1.66, 3.22, 1.55, 2.59, 1.81, 0.94, 18.39, 43.17, 51.66, 22.25, 19.18, 10.32, 6.52, 5.07, 2.15, 1.35, 0.28, 0.29, 0.35, 0.44, 0.3, 0.94, 0.42, 0.44, 0.12, 0.4, 0.18, 0.26, 0.22, 0.4, 0.21, 0.11, 0.53, 0.58, 0.59, 0.86, 0.35, 0.19, 0.36, 0.27], "Initial_Frame_Count": 155, "Post_KFS_Frame_Count": 155, "Percentage_Reduction": 0.0, "Hand_Height_Threshold_Value": 165.15791749674727, "Hand_Distance_Threshold_Value": 10.201416914647535}